idx,r0,r1,r2,r3,r4,r5,r6,r7,r8,r9,r10,r11,r12,r13,r14,r15,r16,r17,r18,r19,r20,r21,r22,r23,r24,r25,r26,r27,r28,r29,r30,r31,r32,r33,r34,r35,r36,r37,r38,r39,r40,r41,r42,r43,r44,r45
A5,,,,,,,,,,,,,,,,,,,,,,,,,,,,,,,,,,,,,,,,,,,,,,
B5,0.11806348481388444,0.1760237780713342,0.11455847255369929,0.09547908232118758,0.05826877736611654,0.06949702541914549,0.03697996918335902,0.05627828054298643,0.007470288624787776,0.05731394354148845,0.05077358901721508,0.023231256599788808,0.06901448452144278,0.08947537817830704,0.05075187969924812,0.07630116220313289,0.1270463454000461,0.01069379238393323,0.10283687943262411,0.14888572783309625,0.0624835914938304,0.1617278797996661,0.05407180385288967,0.1029517638588913,0.018972332015810278,0.13421052631578947,0.049653927174240144,0.11394072447859495,0.09968490403895731,0.014066496163682864,0.1239799947354567,0.028701891715590344,0.11033333333333334,0.10835913312693499,0.06368197607101506,0.10515463917525773,0.11845972957084068,0.07758620689655173,0.12081473214285714,0.09614851759490163,0.14878892733564014,0.10664556962025316,0.1652673442333186,0.0446888965280165,0.09454022988505748,0.02502923976608187
C5,0.17370242214532872,0.16020286396181385,0.19858156028368795,0.11544768776648082,0.07705026455026455,0.11915015790984783,0.03745743473325766,0.08567335243553009,0.019493844049247606,0.09858356940509914,0.0947533281127643,0.03163786809442687,0.14739454094292803,0.150253807106599,0.0688348594884749,0.12319726228306038,0.19734771858844685,0.02689365901801135,0.15958498023715414,0.2436127297176154,0.11360702297960237,0.24456099456099456,0.08304093567251462,0.1982256020278834,0.046549612086565946,0.20637656182679878,0.0944206008583691,0.18922852983988356,0.18524545701112016,0.04198567547542603,0.18098859315589352,0.05872003518803607,0.18990794408455505,0.2012314581584103,0.09738537324744222,0.19668183034519668,0.18801243992083685,0.11220285261489699,0.2172577492320581,0.1264649768329245,0.20850622406639005,0.19285254346426273,0.22637879435656263,0.08476253298153034,0.146046755975834,0.06934125804853888
D5,0.07519905632556768,0.072522159548751,0.06204222317966394,0.09251471825063078,0.03910614525139665,0.04364392102528576,0.024022609514837492,0.028349645629429633,0.00646551724137931,0.03798882681564246,0.030524393425515262,0.010053619302949061,0.05348169418521177,0.06341673856773081,0.02297970126388357,0.04375,0.07435376125471972,0.005523066926575698,0.05835278426142047,0.11862917398945519,0.034660260809883325,0.10526315789473684,0.028309979982842435,0.06941715782580223,0.013432835820895522,0.08913813459268005,0.03097667638483965,0.06880482456140351,0.06031195840554593,0.009762050030506406,0.06578094620868438,0.016147635524798153,0.06637931034482758,0.07173447537473233,0.03740530303030303,0.07258320126782884,0.07994186046511628,0.04484304932735426,0.07797537619699042,0.04931972789115646,0.08417935702199661,0.06019202363367799,0.11349206349206349,0.0406570841889117,0.05557547508067408,0.018441403926234383
E5,0.08694353152076487,0.07796471070988921,0.07692307692307693,0.03779786359901397,0.17901498929336188,0.07695167286245354,0.04894384337970119,0.028708133971291867,0.01506276150627615,0.036598890942698706,0.032800216860937925,0.02191304347826087,0.058888888888888886,0.0771551724137931,0.03219624377155998,0.05728643216080402,0.07377834557649314,0.006188925081433224,0.06857942617214835,0.1059322033898305,0.039098274040154986,0.09574468085106383,0.03341148886283705,0.0652317880794702,0.014727540500736377,0.08791866028708134,0.03336045565500407,0.08013205282112845,0.06535189481825213,0.0052648897663705166,0.08594319009468318,0.02046617396247868,0.06616003576218149,0.08356218124754806,0.03490566037735849,0.0630145661811273,0.08552373479795998,0.0438871473354232,0.08844765342960288,0.04112017015242822,0.09086879432624113,0.07653490328006729,0.12170675830469645,0.030419880034275922,0.06486880466472303,0.013399813025864755
F5,0.14654161781946073,0.09390547263681592,0.12049770792403405,0.06775921840529467,0.0828308473500476,0.20928915321438685,0.055445544554455446,0.06642066420664207,0.02074415541652947,0.07114170969592656,0.07818067491092014,0.024748836069590788,0.10886075949367088,0.11255411255411256,0.054231974921630094,0.09046265184802274,0.1421532397142153,0.0155818044734858,0.11771087605098997,0.21121581245690646,0.09642470205850487,0.20411663807890223,0.07122814590977768,0.1583531274742676,0.03693295865114412,0.14750593824228028,0.0800438596491228,0.15617822691777675,0.12939808083745274,0.027158595951831923,0.14838709677419354,0.04146596858638744,0.13307240704500978,0.1452497834247762,0.06955871353777113,0.14417453891138102,0.13407318536292742,0.1023447401774398,0.18621456364647027,0.09895547003848268,0.15676401477005705,0.15,0.1970770593445527,0.06454953400069037,0.1236636810170471,0.04672447013487476
G5,0.05065082059988681,0.04034896401308615,0.05380972879896685,0.03943908851884312,0.0539401601348504,0.03726924416579589,0.09625935162094763,0.0236331569664903,0.008261049153242462,0.029723991507430998,0.0258732212160414,0.01282051282051282,0.04103671706263499,0.04042647712127943,0.01978277734678045,0.032525721871888486,0.05288035450516987,0.008681672025723473,0.03553835327234342,0.06738715829624921,0.024500322372662798,0.061194468961459254,0.022535211267605635,0.03220663265306122,0.013812154696132596,0.047115384615384615,0.023362696284948296,0.05739586749754018,0.046875,0.002506265664160401,0.04493526275704494,0.014950166112956811,0.03963666391412056,0.04993160054719562,0.015384615384615385,0.05287713841368585,0.06524064171122995,0.02068126520681265,0.061866125760649086,0.02611054594777891,0.06810344827586207,0.05992063492063492,0.07962138084632517,0.015990159901599015,0.03873744619799139,0.008333333333333333
H5,0.10334977927810958,0.07052161976664378,0.11189801699716714,0.06354359925788497,0.06598890942698706,0.09325502758497953,0.041762159409218236,0.17367527814444653,0.031478102189781025,0.14848675914249684,0.0513679508654383,0.038106579339089015,0.06655395019981555,0.10948741007194245,0.05534616147589764,0.08223258223258223,0.09512485136741974,0.014551217403832301,0.07880833577927795,0.11278978900755406,0.06361085126286249,0.1127129750982962,0.04242781378903948,0.11383168477379602,0.034555926038193394,0.09572562068082928,0.05056366047745358,0.09118023008095441,0.08069755513763037,0.01570915619389587,0.10120040013337779,0.029296591733139955,0.12321391592462208,0.09385113268608414,0.039943938332165384,0.13609467455621302,0.0958904109589041,0.05984634047715325,0.1946916231972998,0.05178416013925152,0.15229280605805637,0.1405846092662557,0.14836937044558596,0.02871362940275651,0.12324431256181997,0.01743912018853103
A6,0.04225352112676056,0.028330781010719754,0.033051498847040735,0.031037093111279335,0.01533494753833737,0.024848891873740765,0.008028545941123996,0.022741629816803537,0.021196063588190765,0.04387186629526462,0.026147278548559232,0.009708737864077669,0.03450704225352113,0.03235082674335011,0.016093635698610095,0.03815869170199879,0.033608490566037735,0.00481637567730283,0.02878684030157642,0.052417006406523005,0.02197802197802198,0.055379746835443035,0.014606155451225874,0.04202157864849517,0.008896797153024912,0.03720663995420721,0.01667824878387769,0.036458333333333336,0.040214477211796246,0.004667444574095682,0.043507817811012914,0.007003501750875438,0.03345195729537367,0.046762589928057555,0.015741507870753936,0.052541404911479156,0.035236081747709654,0.01808066759388039,0.0544464609800363,0.016549968173138127,0.049206349206349205,0.04811715481171548,0.05947955390334572,0.011093502377179081,0.038435140700068635,0.00980898296334538
B6,0.028763183125599234,0.019987507807620236,0.018102372034956304,0.010618363522798251,0.017484868863483525,0.024975024975024976,0.012012012012012012,0.034864416159380185,0.003934426229508197,0.06312684365781711,0.022002694207453974,0.010026385224274407,0.032642812303829254,0.02989821882951654,0.022142429682824656,0.017784552845528455,0.038179916317991634,0.006214396685655101,0.030096536059057353,0.040459540459540456,0.01336432306798373,0.03695150115473441,0.01839926402943882,0.036127167630057806,0.008746355685131196,0.04648760330578512,0.015247776365946633,0.03390688259109312,0.038027332144979206,0.003015075376884422,0.032441661923733635,0.007452871547566856,0.02937420178799489,0.028885037550548817,0.007209805335255948,0.030912659470068694,0.03054755043227666,0.013947847180109158,0.03574975173783516,0.014269406392694063,0.03537414965986395,0.04027226318774816,0.05242114615726344,0.009478672985781991,0.030601092896174863,0.003585835948005379
C6,0.06589351607801792,0.0348993288590604,0.030539772727272728,0.018543956043956044,0.030855539971949508,0.039287906691221605,0.009181969949916527,0.02176696542893726,0.005376344086021506,0.03950777202072539,0.09307359307359307,0.04568527918781726,0.06261398176291794,0.046494992846924176,0.025930851063829786,0.04107244723331432,0.08398133748055987,0.00857449088960343,0.05352480417754569,0.08217716115261472,0.028701891715590344,0.07276402223345124,0.030832476875642344,0.06173558532323821,0.010398613518197574,0.0749063670411985,0.021052631578947368,0.06889352818371608,0.06666666666666667,0.009855072463768115,0.06309148264984227,0.018798955613577025,0.05308464849354376,0.06397952655150352,0.023577235772357725,0.06459189665296536,0.06627680311890838,0.03187250996015936,0.08243080625752106,0.0386977886977887,0.07939053728949479,0.06825938566552901,0.10723192019950124,0.025983667409057165,0.05822498586772187,0.011363636363636364
D6,0.029490616621983913,0.014428412874583796,0.016235718580877932,0.017146017699115043,0.013973268529769137,0.016615653694796676,0.008684034736138945,0.013546202225447508,0.004781829049611476,0.01942231075697211,0.04096477794793262,0.029633113828786452,0.029921259842519685,0.02046617396247868,0.011332973556395036,0.021216407355021217,0.03458711629917856,0.004782608695652174,0.020748987854251014,0.03346901854364541,0.010923535253227408,0.03192795742939009,0.010447137484329294,0.020572450805008944,0.005893909626719057,0.0293482952093224,0.007502679528403001,0.02882882882882883,0.027604166666666666,0.0022665457842248413,0.04012188928390046,0.0032653061224489797,0.025099828864803195,0.03338315894369706,0.004524886877828055,0.02445870088211708,0.029707955689828803,0.011879049676025918,0.0328515111695138,0.014733840304182509,0.034746760895170786,0.030142781597038603,0.04993958920660491,0.009025270758122744,0.022035676810073453,0.0045129748025573525
E6,0.041264266900790166,0.03814064362336114,0.04744525547445255,0.0199501246882793,0.028683181225554105,0.02767175572519084,0.015804597701149427,0.01859504132231405,0.010688836104513063,0.037122969837587005,0.05591054313099041,0.019011406844106463,0.06043329532497149,0.03902439024390244,0.01245753114382786,0.0323846908734053,0.056797020484171325,0.0018484288354898336,0.046822742474916385,0.08251121076233184,0.027472527472527472,0.06523534269199009,0.026223776223776224,0.06710158434296365,0.0027397260273972603,0.05871559633027523,0.028290282902829027,0.05083260297984225,0.03858520900321544,0.010869565217391304,0.05225409836065574,0.013134851138353765,0.05269761606022585,0.05666316894018888,0.02194787379972565,0.070902394106814,0.05961754780652419,0.018338727076591153,0.1016260162601626,0.02373887240356083,0.07759699624530664,0.06418918918918919,0.07376362112321877,0.006345177664974619,0.03837953091684435,0.01020408163265306
F6,0.08877615726062144,0.06619937694704049,0.06681852695520121,0.056074766355140186,0.03867403314917127,0.06489071038251366,0.013321492007104795,0.0475177304964539,0.014820592823712949,0.05033809166040571,0.05583756345177665,0.013478818998716302,0.07824143070044709,0.12279293739967898,0.04119850187265917,0.09730722154222766,0.09734513274336283,0.016015374759769378,0.08633093525179857,0.1251596424010217,0.04779411764705882,0.1106434155141311,0.04668587896253602,0.15291878172588833,0.026365348399246705,0.1167192429022082,0.043509789702683106,0.107958050586058,0.0947119179163378,0.004635761589403974,0.10445580715850986,0.027120600115406807,0.09902475618904726,0.1299638989169675,0.04115586690017513,0.12721584984358708,0.11990776325903152,0.07036747458952307,0.1508485229415462,0.05736543909348442,0.11486486486486487,0.1184593023255814,0.13586358635863585,0.03538331929233361,0.10458452722063037,0.023995535714285716
G6,0.043,0.04578313253012048,0.048846675712347354,0.03485254691689008,0.01624815361890694,0.030107526881720432,0.012012012012012012,0.02442002442002442,0.013679890560875513,0.024600246002460024,0.025225225225225224,0.01466275659824047,0.037283621837549935,0.05337078651685393,0.025974025974025976,0.04261954261954262,0.07211028632025451,0.01116751269035533,0.033734939759036145,0.06441048034934498,0.019975031210986267,0.07801418439716312,0.015873015873015872,0.04973544973544974,0.01957585644371941,0.06209850107066381,0.0205761316872428,0.04988913525498891,0.04401650618982118,0.003188097768331562,0.06060606060606061,0.015682656826568265,0.05843293492695883,0.0535931790499391,0.018361581920903956,0.05635245901639344,0.058301647655259824,0.022332506203473945,0.07912087912087912,0.027502750275027504,0.06266666666666666,0.06451612903225806,0.08465116279069768,0.017467248908296942,0.05092592592592592,0.012727272727272728
H6,0.06013071895424837,0.034782608695652174,0.04456654456654457,0.024124066628374498,0.025136612021857924,0.02857142857142857,0.015696533682145193,0.033680039623576026,0.0077951002227171495,0.037111334002006016,0.029400079459674214,0.0129695885509839,0.036016949152542374,0.06186726659167604,0.02748414376321353,0.04702750665483585,0.06034105815478793,0.0034100596760443308,0.03746701846965699,0.06261343012704174,0.03129890453834116,0.06107205623901582,0.025502318392581144,0.07324698526127736,0.00616860863605209,0.05526688710439301,0.021203438395415473,0.053518334985133795,0.03699613473219216,0.010854816824966078,0.05102577590741715,0.012898024989923419,0.06465005931198102,0.06520605112154408,0.02122347066167291,0.05934065934065934,0.051568314726209465,0.0213903743315508,0.07323688969258589,0.021890547263681594,0.05572755417956656,0.06619504800404244,0.08606885508406725,0.018150879183210438,0.04878048780487805,0.012841091492776886
A7,0.10024301336573511,0.055596196049743966,0.06265060240963856,0.04885496183206107,0.04765687053216839,0.0491041804910418,0.015345268542199489,0.03686635944700461,0.011579818031430935,0.06083916083916084,0.04779411764705882,0.0175,0.08717579250720461,0.07427258805513016,0.03558460421205519,0.07803650094398994,0.12634238787113075,0.028720626631853787,0.07649896623018608,0.10927347903130538,0.053465346534653464,0.11622924477771826,0.04981050351922036,0.1255205234979179,0.021312872975277068,0.10331050228310502,0.03835021707670044,0.0889759373251259,0.07686781609195402,0.008368200836820083,0.1092896174863388,0.026969857218402962,0.09662576687116564,0.13976833976833977,0.04514480408858603,0.12764632627646327,0.10413694721825963,0.05653950953678474,0.1553398058252427,0.057285180572851806,0.12139156180606958,0.11258278145695365,0.14562063406770553,0.03150242326332795,0.08897742363877822,0.0193029490616622
B7,0.06170598911070781,0.032579787234042555,0.03062340503098797,0.022735101619014812,0.025686764181234393,0.028467764443204018,0.011923076923076923,0.02175830638047633,0.008191126279863481,0.028888888888888888,0.026828110161443496,0.007426449585832619,0.04368776100224864,0.04668222740913638,0.021798365122615803,0.03936348408710218,0.07746663177178749,0.012083780880773363,0.04305343511450382,0.06860158311345646,0.019787783194723258,0.06599342414279004,0.028654686741136474,0.05649717514124294,0.010830324909747292,0.05077430820005077,0.01335940045617465,0.04339201586908009,0.043256997455470736,0.0027412280701754384,0.047748564521003324,0.018867924528301886,0.056896551724137934,0.05845380263984915,0.016250495441934205,0.059291581108829566,0.05705996131528046,0.026759167492566897,0.08282036933407946,0.032675890491610245,0.05581230003554923,0.06720098643649815,0.08949136276391555,0.014466546112115732,0.04554626693571635,0.012987012987012988
C7,0.0829567462879277,0.0525,0.0508916920400174,0.03355442840421381,0.041684035014589414,0.04212781149589433,0.009438648782911079,0.027238805970149254,0.006501950585175552,0.034970238095238096,0.04894356779887671,0.012027491408934709,0.06833791208791208,0.05174701459531181,0.030738522954091817,0.060100692259282565,0.09263222256190767,0.012779552715654952,0.0612668743509865,0.11275415896487985,0.04684014869888476,0.10008410428931876,0.039238653001464126,0.08275634685130234,0.018455560951918408,0.08361306072627403,0.03923766816143498,0.06801007556675064,0.07512456880030663,0.012210394489668128,0.07406107406107407,0.024764150943396228,0.07624262847514743,0.0875643855776306,0.0341796875,0.07988067616837918,0.0750455373406193,0.04501607717041801,0.12982576016399044,0.04219993081978554,0.08972046889089269,0.09114680612626073,0.12186788154897495,0.023053501522401043,0.06021366137908708,0.024859425865640723
D7,0.10134398837631675,0.06942528735632184,0.0958354239839438,0.04619289340101523,0.05150631681243926,0.06365834004834811,0.018898488120950324,0.044813278008298756,0.01256281407035176,0.054453355846348674,0.06623586429725363,0.01528812230497844,0.09177903436276642,0.06190019193857965,0.05219913001449976,0.06642512077294686,0.10337401292175162,0.006006006006006006,0.0916030534351145,0.13600852272727273,0.08097518502394427,0.13639322916666666,0.04900662251655629,0.15767317259854574,0.019187358916478554,0.077066269545793,0.013364055299539171,0.04784172661870503,0.07733097657976137,0.005604483586869495,0.1012282930961457,0.03427214116050221,0.1134020618556701,0.13405047579644186,0.04030922142462728,0.14716569767441862,0.10763733809736489,0.05535224153705398,0.1897590361445783,0.06145022531749283,0.1206266318537859,0.1364232619151727,0.16495550992470911,0.03612565445026178,0.10303830911492734,0.03188207062050052
E7,0.08519269776876268,0.03757225433526012,0.05440158259149357,0.02636916835699797,0.014522821576763486,0.04882017900732303,0.006952491309385863,0.013061224489795919,0.006329113924050633,0.022847100175746926,0.019912881144990666,0.0044964028776978415,0.061061946902654866,0.013265306122448979,0.031876138433515486,0.02453531598513011,0.029953917050691243,0.0016051364365971107,0.05098684210526316,0.15717375630857966,0.1011326860841424,0.18414481897627966,0.018120805369127517,0.08106060606060606,0.004357298474945534,0.015337423312883436,0.00353045013239188,0.006997900629811057,0.011796733212341199,0.003961965134706815,0.06571187868576242,0.031146454605699137,0.06238003838771593,0.07553956834532374,0.014573991031390135,0.1504360465116279,0.0713678844519966,0.02,0.171875,0.028309741881765195,0.10748155953635406,0.12024756852343059,0.14769030579050096,0.016376663254861822,0.0981067125645439,0.005637773079633545
F7,0.10699588477366255,0.050102249488752554,0.06511627906976744,0.023728813559322035,0.03712035995500562,0.04355885078776645,0.011968085106382979,0.026706231454005934,0.007042253521126761,0.03286852589641434,0.038403614457831324,0.005042016806722689,0.08080808080808081,0.04265873015873016,0.01993704092339979,0.044563279857397504,0.053791887125220456,0.0025951557093425604,0.06340057636887608,0.165961049957663,0.06940371456500488,0.14735226400613968,0.03225806451612903,0.11650485436893204,0.009913258983890954,0.03559870550161812,0.0019880715705765406,0.01850362027353178,0.02821316614420063,0.004374453193350831,0.0649746192893401,0.01566951566951567,0.06974248927038626,0.09108527131782945,0.017814726840855107,0.11772950245269796,0.07736389684813753,0.0326530612244898,0.14795918367346939,0.042632066728452274,0.10192525481313704,0.11719500480307397,0.14047791455467054,0.02847380410022779,0.07072691552062868,0.011244377811094454
G7,0.13143872113676733,0.1111111111111111,0.12279226240538267,0.07486209613869188,0.07307060755336617,0.07456445993031359,0.028466483011937556,0.07062146892655367,0.01981833195706028,0.08695652173913043,0.09955752212389381,0.026333113890717578,0.11760242792109256,0.10647359454855196,0.06985871271585557,0.09352037408149633,0.13682941531042797,0.012413793103448275,0.11397058823529412,0.16090425531914893,0.06826706676669167,0.18906064209274673,0.07653910149750416,0.2074966532797858,0.04183673469387755,0.1356382978723404,0.055234954657873044,0.1334231805929919,0.13412698412698412,0.021150033046926635,0.12307692307692308,0.05074971164936563,0.145985401459854,0.15270570793180133,0.0492831541218638,0.18198992443324938,0.1530993278566094,0.1,0.2,0.08129543952412426,0.19425675675675674,0.18874907475943745,0.200747463961559,0.03583916083916084,0.13814432989690723,0.04564564564564565
H7,0.11115935735996527,0.0836461126005362,0.08244365361803084,0.0625,0.07379862700228833,0.0835680751173709,0.03350189633375474,0.07142857142857142,0.017318435754189943,0.07721822541966426,0.07857952398942199,0.028314028314028315,0.11528694768918232,0.11044286495352652,0.052127659574468084,0.08527131782945736,0.13028472821397757,0.025011165698972757,0.08366141732283465,0.16022579244463742,0.08179162609542356,0.17252525252525253,0.0782336578581363,0.1775739891621509,0.029081295439524125,0.14053579270970576,0.07911733046286329,0.12196261682242991,0.10734757686294945,0.026398210290827742,0.10504844467108618,0.04096477794793262,0.13527696793002916,0.1337613697164259,0.0521415270018622,0.1443089430894309,0.1309055118110236,0.09104330708661418,0.18924074780618086,0.07546296296296297,0.14439411098527746,0.1338891613536047,0.16927899686520376,0.048109965635738834,0.10381978452497552,0.04636542239685658
A8,0.10933048433048433,0.072196261682243,0.07738524393174717,0.040439340988517224,0.04833911750123947,0.0642766228256258,0.022331154684095862,0.04836325237592397,0.014326647564469915,0.054673721340388004,0.07378672829316606,0.019631410256410256,0.08435314685314685,0.08531398548911684,0.0451764705882353,0.07993730407523511,0.11741112123974476,0.009992006394884092,0.07649213531566473,0.13921194237111612,0.04164948453608248,0.12123197903014417,0.05970149253731343,0.14733422510987962,0.031578947368421054,0.11724995558713804,0.057049891540130154,0.10919337794998239,0.10383108402263823,0.012709416522241479,0.10411127019840458,0.03060352196956745,0.11015531660692951,0.12887292321508756,0.04247311827956989,0.13055764883195178,0.10716591349257586,0.06059961726557517,0.1714505875553843,0.06944725652966187,0.12602483017100025,0.14206602768903087,0.1678076473534814,0.02928766443286175,0.0914263292132627,0.029275012915446874
B8,0.11270678058534812,0.09499136442141623,0.08853486550013058,0.06427125506072874,0.07114026236125126,0.07165239189471485,0.02239448751076658,0.05256327060350422,0.014779559118236472,0.08211009174311927,0.07814858292805635,0.023035787741670095,0.11876270038383382,0.08536892470410476,0.048336922708782,0.08250557470099332,0.11945976792847632,0.010815141197676747,0.09995586937334511,0.14285714285714285,0.0494516863231947,0.12214876033057852,0.06431317721076546,0.16137770897832818,0.021739130434782608,0.14820359281437126,0.09162491052254831,0.13767605633802818,0.08205972254878909,0.008500772797527048,0.12218166201417222,0.031710275515508576,0.11617608752279239,0.130348913759052,0.049595987740317635,0.1388992190405355,0.13387060667114395,0.07842680940190831,0.17736383883377202,0.07758435418009886,0.13331633953606933,0.1486123545210385,0.1810508182601206,0.03907074973600845,0.10711981071198107,0.039652362846279196
C8,0.08647990255785627,0.06070983810709838,0.07112676056338028,0.046930247508839604,0.04002736914129319,0.0648821646784987,0.015454202789295138,0.039008164499546416,0.011832319134550372,0.052599574338704776,0.053526970954356844,0.013987671882408724,0.08218793828892006,0.07585247042449547,0.04389928986442866,0.06433203631647211,0.11177311725452813,0.009249743062692703,0.07559755419677598,0.13358778625954199,0.03741209563994374,0.09240506329113925,0.044172932330827065,0.11105121293800539,0.017572537801389457,0.0903954802259887,0.029786003470213998,0.07413470533208606,0.10959319975713418,0.047242083758937695,0.0886178861788618,0.03093270365997639,0.0856198347107438,0.11931993817619783,0.024205748865355523,0.12444444444444444,0.09294478527607362,0.054634146341463415,0.1457865168539326,0.058654399079930995,0.11180555555555556,0.11954096270321964,0.15453230472516877,0.02528977871443625,0.06224798387096774,0.021941330789410924
D8,0.07200948830904778,0.03067217750706983,0.05056568921727084,0.02401847575057737,0.019076074465640084,0.035555555555555556,0.004167752018754884,0.019223300970873786,0.006963162623539982,0.026278836509528586,0.01907479723640733,0.0033308660251665434,0.05088451600079507,0.021769019248395968,0.018703784254023487,0.02253621892326954,0.02898793565683646,0.0021551724137931034,0.0471847739888977,0.0181756412434177,0.0048216007714561235,0.015372790161414296,0.020318160340211056,0.07502206531332745,0.00436442989634479,0.10215415684954561,0.07493595217762596,0.10474275180157533,0.010642737896494158,0.0012371862849063274,0.04500865551067513,0.0175054704595186,0.05179922071968829,0.06783458952943573,0.008702329152802661,0.0999662276258021,0.056751054852320675,0.028517901748542882,0.13098053483718392,0.03163609135155372,0.09096989966555184,0.09207577918109594,0.12336209651645894,0.009558488848429678,0.059721427208547985,0.0035999373923931758
E8,0.0412051395657953,0.018018018018018018,0.029722589167767502,0.015384615384615385,0.01217948717948718,0.023662551440329218,0.0042583392476933995,0.008314855875831485,0.0030543677458766036,0.012141280353200883,0.008264462809917356,0.005330490405117271,0.0321701199563795,0.014511873350923483,0.008849557522123894,0.012145748987854251,0.011926605504587157,0.0015136226034308778,0.028556319407720784,0.01384402399630826,0.005696530295183843,0.015839933305543976,0.007620660457239628,0.03946146703806871,0.002926115581565472,0.1171011931064958,0.09017805858701895,0.1238250919493257,0.006218202374222725,0.0035035035035035035,0.026567481402763018,0.012159329140461216,0.019138755980861243,0.04548071387449626,0.004123711340206186,0.10073937153419593,0.02771618625277162,0.011712214166201896,0.12658227848101267,0.014946286781877626,0.06457345971563981,0.04607046070460705,0.10486257928118393,0.008370895041854474,0.048834628190899,0.0026536930561698365
F8,0.07505382959089511,0.04208416833667335,0.05887230514096186,0.03252710592160134,0.02495697074010327,0.04215068038499834,0.009562841530054645,0.02287926786342837,0.005308289097590854,0.03462246777163904,0.03949826527888978,0.00702576112412178,0.055793991416309016,0.048599670510708404,0.02314633189486073,0.04854368932038835,0.06752918901861786,0.002932551319648094,0.06015311702515494,0.07410768300060495,0.016563146997929608,0.05337975050768785,0.03434794750069813,0.09185733512786003,0.010375494071146246,0.052187028657616895,0.0117039586919105,0.03060640732265446,0.08427389014296463,0.05497037524687294,0.09302325581395349,0.018903088391906284,0.06421647819063005,0.09385474860335195,0.0162748643761302,0.11383868357162126,0.07455976020981642,0.043233082706766915,0.13486513486513488,0.04067226890756302,0.09611612397018439,0.10397897897897898,0.11038592508513054,0.014297729184188394,0.06813489332415691,0.012187871581450654
G8,0.11117334080089611,0.06735936940164816,0.07126168224299065,0.04388597149287322,0.04163623082542001,0.043800322061191624,0.023296703296703296,0.04414650098103336,0.007555723460521345,0.047156227501799854,0.05701443103856163,0.01842644047967242,0.08519553072625698,0.07294117647058823,0.04155844155844156,0.0733015494636472,0.11017661900756939,0.013250634338877925,0.07523809523809524,0.12542759407069556,0.04853128991060025,0.11028277634961439,0.047503373819163294,0.13300941390829032,0.02275830678197542,0.09899856938483548,0.032723434201266714,0.09547057228098725,0.11218501898515706,0.031871345029239766,0.10159362549800798,0.03538696537678208,0.09963547995139732,0.1236522911051213,0.03640776699029126,0.11413043478260869,0.09118747873426336,0.06117397454031118,0.14877024595080984,0.05509130300216651,0.13118440779610194,0.12549407114624506,0.13223767383059418,0.02437106918238994,0.088301643570738,0.025711159737417943
H8,0.12447885646217986,0.08595877090626215,0.0956484274019819,0.07366255144032922,0.0513883133029424,0.08752657689581857,0.02401449932034436,0.05559673832468495,0.015793848711554447,0.07389879868947943,0.08607863974495218,0.027232425585813805,0.10902394106813997,0.11603116031160311,0.061713357693869264,0.09386973180076628,0.1321493076459964,0.0146170956466476,0.09571428571428571,0.16059335698161883,0.08753039249739493,0.16378045201056649,0.07028836251287332,0.16688269604666234,0.029822029822029823,0.14812575574365175,0.07535885167464115,0.12803676953381485,0.10694108151735271,0.02456499488229273,0.1315592203898051,0.0441834451901566,0.13506604175543246,0.13799414348462666,0.04896073903002309,0.15504112092598232,0.1302919708029197,0.06873527101335428,0.19183428399879915,0.0749063670411985,0.16163704009921456,0.17886178861788618,0.17879053461875546,0.040973111395646605,0.12229965156794426,0.033661006851355375
A5,0.1322845906328209,0.07641837128521806,0.09209486166007905,0.05893019038984588,0.07061900610287707,0.0791957324579401,0.030272452068617558,0.05644262903824731,0.021834061135371178,0.08958837772397095,0.08403597526700393,0.031023784901758014,0.10850202429149798,0.10265763418447107,0.06116504854368932,0.10475839173736629,0.15303698676620292,0.018752391886720246,0.09764309764309764,0.17881944444444445,0.07492674759313521,0.17132330365366902,0.06476771787046456,0.1769031141868512,0.03681710213776722,0.1437951411687459,0.07962813257881972,0.1463963963963964,0.12962962962962962,0.026131762973868235,0.14318706697459585,0.038329911019849415,0.13405088062622308,0.16192253849743352,0.05087620124364047,0.1547950656585754,0.1141439205955335,0.06942647692971109,0.18998768978251948,0.0670147954743255,0.17155361050328227,0.170317389360751,0.18764530056459647,0.036276849642004776,0.13577421815408086,0.043146365748423496
B5,0.1265738899933731,0.1766770670826833,0.1214491560312886,0.08547754034016572,0.06431005110732538,0.07129595246936501,0.026729559748427674,0.04839939024390244,0.01223091976516634,0.05592105263157895,0.04844961240310078,0.017253774263120056,0.0769529731830548,0.08529688972667294,0.03739170086639307,0.08513708513708514,0.13003778337531485,0.010186160871092378,0.11209213051823416,0.1407337128399747,0.06454282167976831,0.16158093577448415,0.05908944139489829,0.12051077414205906,0.020322773460848775,0.1273176761433869,0.05223568742164647,0.11785929043896573,0.1137577002053388,0.012597258243793997,0.11988086373790022,0.03029294274300932,0.11550468262226847,0.11607142857142858,0.057763645998940114,0.12008353637312913,0.11293721028234302,0.0827433628318584,0.11867704280155641,0.08213312572985597,0.1485688323489323,0.11224925309432351,0.17966830466830466,0.039645522388059705,0.10678488820354665,0.028589580686149935
C5,0.18032212885154061,0.1431276031806134,0.2013793103448276,0.10797266514806378,0.0756087142246903,0.0975609756097561,0.03165630299604296,0.07673667205169628,0.02665299846232701,0.08488175675675676,0.09591013824884792,0.025388765471278957,0.13529411764705881,0.1472790813779331,0.061667488899852,0.1187248076218395,0.1935483870967742,0.027188081936685288,0.13293650793650794,0.219117180057161,0.10063965884861407,0.20864338866628507,0.09039920818211811,0.17082683307332294,0.04163955757970072,0.19173399627097576,0.09382239382239382,0.16936936936936936,0.1788784281620958,0.0349283967865875,0.15236051502145923,0.04596491228070176,0.14928324270884824,0.18747441670077772,0.07458912768647281,0.1776747779065276,0.1622103386809269,0.11378446115288221,0.20153387302939924,0.11581108829568788,0.21466992665036674,0.17447916666666666,0.2381902860944777,0.05560619872379216,0.13771626297577855,0.04602649006622517
D5,0.057982850142915474,0.05025357307514984,0.05480769230769231,0.07387289516567083,0.02066929133858268,0.0256978289765175,0.018308080808080808,0.02186523873270861,0.0035481963335304554,0.030288226673180263,0.022915340547422024,0.008045052292839904,0.0525103638876094,0.044158747903856904,0.02632937532266391,0.03221704111911827,0.060175054704595186,0.00917048770320967,0.04014272970561998,0.07855855855855856,0.03494252873563218,0.06702412868632708,0.02193645990922844,0.05771812080536913,0.007213114754098361,0.0629346314325452,0.03175378602833415,0.05168621700879766,0.0548072457036693,0.005627705627705628,0.049766056997022544,0.013798390187811422,0.034502262443438916,0.061205706396686606,0.019716574245224893,0.05539830165790538,0.054337899543379,0.025815879201169022,0.06606990622335891,0.03610875106202209,0.06426332288401254,0.053694581280788176,0.07877758913412564,0.013875123885034688,0.050705467372134036,0.010793871866295265
E5,0.0784313725490196,0.08286674132138858,0.07052896725440806,0.040897097625329816,0.16044776119402984,0.10297766749379653,0.044850498338870434,0.036214953271028034,0.010825439783491205,0.03236994219653179,0.02642113690952762,0.024826216484607744,0.05298759864712514,0.05927051671732523,0.032171581769437,0.054524361948955914,0.0933456561922366,0.015806111696522657,0.06535269709543569,0.13071895424836602,0.056831922611850064,0.07261247040252565,0.03884462151394422,0.04824561403508772,0.0225140712945591,0.088261253309797,0.04336043360433604,0.07391673746813934,0.05741626794258373,0.00760043431053203,0.09562563580874874,0.021589793915603533,0.06433566433566433,0.09799291617473435,0.025518341307814992,0.06762749445676275,0.08962264150943396,0.0395778364116095,0.09178743961352658,0.04855371900826446,0.10104011887072809,0.07160804020100503,0.12558139534883722,0.014435695538057743,0.0893719806763285,0.011152416356877323
F5,0.1416058394160584,0.08961817608078258,0.11301715438950555,0.06300884955752212,0.07839780896953098,0.1885488647581441,0.04759825327510917,0.06291172595520422,0.014660493827160493,0.06203641267700607,0.06990204808548531,0.02198980960042907,0.10276805599745466,0.11192511192511193,0.05044625533566162,0.0861127956337174,0.13391399020141534,0.02439777640518839,0.1285329744279946,0.2006394884092726,0.09488309047780413,0.17917267917267918,0.07351434426229508,0.1536939313984169,0.037825059101654845,0.15080010848928668,0.08019323671497584,0.13857038302024885,0.1253896778662972,0.020500452215857702,0.13998141839578818,0.03598971722365039,0.14113997673516868,0.14833333333333334,0.061765985210961286,0.13592723597776654,0.13707363723302518,0.09133405249910104,0.18458093410108764,0.09190371991247265,0.1654492330168006,0.15591397849462366,0.1791967044284243,0.045303867403314914,0.13341764147960797,0.03452025006795325
G5,0.04966641957005189,0.03297161936560935,0.0372910415773682,0.03193987787693753,0.03507014028056112,0.037482646922720964,0.09289311695579183,0.024525682554372975,0.010193679918450561,0.02716390423572744,0.02497062279670975,0.013853445133065986,0.03456892961266139,0.0347672362993518,0.01711618257261411,0.02822085889570552,0.04619271021291952,0.0052104208416833666,0.029161058770749215,0.06533036377134373,0.0195712954333644,0.060784313725490195,0.021923620933521924,0.04304932735426009,0.006715506715506716,0.05658284023668639,0.019498607242339833,0.04483007953723789,0.043663977218794496,0.006556112610875434,0.0432300163132137,0.013771186440677966,0.03634528016153458,0.05236270753512133,0.01309049516220831,0.047512991833704527,0.04821280133000831,0.038480272771553824,0.05673469387755102,0.020193861066235864,0.07026523964634714,0.044650751547303275,0.07373737373737374,0.013679245283018868,0.04468085106382979,0.012907852276801721
H5,0.07563368765331153,0.04193389245189936,0.05011520737327189,0.029964747356051705,0.03668261562998405,0.05879396984924623,0.021836865767501604,0.12355600200904068,0.006984126984126984,0.10253754531330916,0.023484051875219066,0.014498283098054178,0.03471882640586797,0.051925320886814466,0.023643202579258463,0.043204320432043204,0.05957943925233645,0.01027077497665733,0.04880429477794046,0.07658643326039387,0.04145077720207254,0.08019246190858059,0.027942143326758713,0.05760151085930123,0.011929824561403509,0.07698289269051321,0.026737967914438502,0.0658964484381686,0.06233207952713595,0.006638217164532954,0.06033630069238378,0.01702127659574468,0.04737183646982479,0.06396255850234009,0.02904040404040404,0.06022530329289428,0.06084017382906808,0.03791982665222102,0.0659877800407332,0.04229074889867841,0.09693318729463307,0.07711198428290766,0.09531437725270324,0.021875,0.06832298136645963,0.017275225755791126
A6,0.046348314606741575,0.038817005545286505,0.026415094339622643,0.02717391304347826,0.022988505747126436,0.015533980582524271,0.011876484560570071,0.023769100169779286,0.0210727969348659,0.039735099337748346,0.02535211267605634,0.009776536312849162,0.025951557093425604,0.026905829596412557,0.022684310018903593,0.018211920529801324,0.04265402843601896,0.0062402496099844,0.019748653500897665,0.059282371294851796,0.015122873345935728,0.050073637702503684,0.022598870056497175,0.03678929765886288,0.009708737864077669,0.03464566929133858,0.028846153846153848,0.0358814352574103,0.021442495126705652,0.0029455081001472753,0.043327556325823226,0.008902077151335312,0.023297491039426525,0.038,0.011185682326621925,0.0336,0.03333333333333333,0.01718213058419244,0.047933884297520664,0.018211920529801324,0.04389312977099236,0.038112522686025406,0.06648936170212766,0.01603206412825651,0.027642276422764227,0.0063371356147021544
B6,0.035437430786267994,0.03333333333333333,0.023943661971830985,0.013824884792626729,0.01078582434514638,0.02822085889570552,0.008503401360544218,0.05006418485237484,0.0031446540880503146,0.051094890510948905,0.028985507246376812,0.00591016548463357,0.02575107296137339,0.02706766917293233,0.01978891820580475,0.028868360277136258,0.030303030303030304,0.0045045045045045045,0.030065359477124184,0.04262672811059908,0.02207792207792208,0.03873598369011213,0.01263157894736842,0.035046728971962614,0.019230769230769232,0.0334075723830735,0.01862464183381089,0.028761061946902654,0.02932551319648094,0.005787037037037037,0.04749679075738126,0.009433962264150943,0.033846153846153845,0.03488372093023256,0.014778325123152709,0.030303030303030304,0.02663115845539281,0.018666666666666668,0.03806228373702422,0.008383233532934131,0.053497942386831275,0.03731343283582089,0.05910390848427073,0.008955223880597015,0.032648125755743655,0.006641366223908918
C6,0.07052186177715092,0.037383177570093455,0.0688976377952756,0.02819548872180451,0.03441682600382409,0.04562043795620438,0.004291845493562232,0.011589403973509934,0.005671077504725898,0.02821869488536155,0.10163551401869159,0.03506493506493506,0.05844155844155844,0.036885245901639344,0.0311284046692607,0.060514372163388806,0.06169296987087518,0.009230769230769232,0.052346570397111915,0.08615819209039548,0.021937842778793418,0.05533596837944664,0.027662517289073305,0.04538341158059468,0.017676767676767676,0.0678191489361702,0.018121911037891267,0.0641025641025641,0.07192982456140351,0.0014044943820224719,0.06259780907668232,0.01870503597122302,0.05454545454545454,0.06339144215530904,0.018947368421052633,0.06156156156156156,0.06066176470588235,0.032015065913371,0.0660377358490566,0.02866779089376054,0.07707910750507099,0.08112874779541446,0.07377049180327869,0.014336917562724014,0.046130952380952384,0.014804845222072678
D6,0.034782608695652174,0.02231237322515213,0.027522935779816515,0.013986013986013986,0.01240694789081886,0.004149377593360996,0.007936507936507936,0.01882845188284519,0.009523809523809525,0.012958963282937365,0.04580152671755725,0.03315881326352531,0.041407867494824016,0.03307888040712468,0.011312217194570135,0.013435700575815739,0.029565217391304348,0.0,0.019271948608137045,0.039711191335740074,0.004424778761061947,0.021666666666666667,0.006389776357827476,0.025490196078431372,0.0,0.02867383512544803,0.011876484560570071,0.02711864406779661,0.03056768558951965,0.0017699115044247787,0.028747433264887063,0.00949367088607595,0.017766497461928935,0.025490196078431372,0.008287292817679558,0.04180602006688963,0.036885245901639344,0.008350730688935281,0.02697841726618705,0.009671179883945842,0.03800475059382423,0.023554603854389723,0.054009819967266774,0.009174311926605505,0.027450980392156862,0.004143646408839779
E6,0.04747774480712166,0.00974025974025974,0.0423728813559322,0.016597510373443983,0.02,0.007067137809187279,0.013452914798206279,0.015772870662460567,0.011029411764705883,0.04040404040404041,0.05502392344497608,0.008522727272727272,0.07608695652173914,0.028225806451612902,0.028469750889679714,0.05013927576601671,0.07449856733524356,0.002793296089385475,0.0353356890459364,0.05808080808080808,0.053691275167785234,0.05789473684210526,0.01928374655647383,0.06515580736543909,0.009569377990430622,0.05822784810126582,0.01838235294117647,0.04477611940298507,0.05333333333333334,0.003205128205128205,0.03470031545741325,0.013157894736842105,0.038461538461538464,0.05063291139240506,0.007547169811320755,0.06925207756232687,0.043731778425655975,0.016722408026755852,0.06166219839142091,0.015105740181268883,0.0472972972972973,0.05985915492957746,0.07605633802816901,0.007633587786259542,0.05555555555555555,0.002331002331002331
F6,0.11990950226244344,0.05898876404494382,0.06481481481481481,0.038922155688622756,0.0438871473354232,0.04851752021563342,0.011406844106463879,0.033419023136246784,0.012195121951219513,0.06489675516224189,0.0625,0.01873536299765808,0.07977207977207977,0.10135135135135136,0.01818181818181818,0.10382513661202186,0.11611374407582939,0.01873536299765808,0.0771513353115727,0.14084507042253522,0.05454545454545454,0.1291759465478842,0.05336426914153132,0.1770573566084788,0.025423728813559324,0.10730593607305935,0.0391566265060241,0.1111111111111111,0.08206686930091185,0.009478672985781991,0.11647727272727272,0.03636363636363636,0.09939759036144578,0.12228260869565218,0.05821917808219178,0.100990099009901,0.09947643979057591,0.05449591280653951,0.13784461152882205,0.06091370558375635,0.15384615384615385,0.11842105263157894,0.15681818181818183,0.02654867256637168,0.10743801652892562,0.024444444444444446
G6,0.050335570469798654,0.030364372469635626,0.027210884353741496,0.02736842105263158,0.01440329218106996,0.03282275711159737,0.009925558312655087,0.017786561264822136,0.009456264775413711,0.006024096385542169,0.03968253968253968,0.01610305958132045,0.034026465028355386,0.030534351145038167,0.032679738562091505,0.03756708407871199,0.06016260162601626,0.011686143572621035,0.040268456375838924,0.07142857142857142,0.031042128603104215,0.05422647527910686,0.03225806451612903,0.04526748971193416,0.005361930294906166,0.06830122591943957,0.02586206896551724,0.048576214405360134,0.06564551422319474,0.008576329331046312,0.035343035343035345,0.016736401673640166,0.03941908713692946,0.05202312138728324,0.01507537688442211,0.04878048780487805,0.026530612244897958,0.025540275049115914,0.08020477815699659,0.02697495183044316,0.05052631578947368,0.07251908396946564,0.06784660766961652,0.015283842794759825,0.04638218923933209,0.009915014164305949
H6,0.05245346869712352,0.03643724696356275,0.04009433962264151,0.023529411764705882,0.02857142857142857,0.0325497287522604,0.007444168734491315,0.016981132075471698,0.0,0.01702127659574468,0.022123893805309734,0.013333333333333334,0.040229885057471264,0.05605381165919283,0.027777777777777776,0.05263157894736842,0.06188925081433225,0.006568144499178982,0.03792415169660679,0.06810035842293907,0.02268041237113402,0.07293354943273905,0.019280205655526992,0.05128205128205128,0.018469656992084433,0.056910569105691054,0.012121212121212121,0.06091370558375635,0.057971014492753624,0.0035460992907801418,0.0513347022587269,0.013761467889908258,0.05,0.044989775051124746,0.026041666666666668,0.05314009661835749,0.038461538461538464,0.025341130604288498,0.07441860465116279,0.03759398496240601,0.08647450110864745,0.0616822429906542,0.07417974322396577,0.006564551422319475,0.04021937842778794,0.005502063273727648
A7,0.12520064205457465,0.06851691240242845,0.0804899387576553,0.05853174603174603,0.061669829222011384,0.05735430157261795,0.02528735632183908,0.036273701566364384,0.021627188465499485,0.055603079555175364,0.05750165234633179,0.01771793054571226,0.07493309545049064,0.07916666666666666,0.04610951008645533,0.0768621236133122,0.13967310549777118,0.025726141078838173,0.0824561403508772,0.13151750972762646,0.05185185185185185,0.11541168191414497,0.05955882352941176,0.14502529510961215,0.023228803716608595,0.11834789515488484,0.03814713896457766,0.09010339734121123,0.09618874773139746,0.017391304347826087,0.10320901994796183,0.0329512893982808,0.09746588693957114,0.12439261418853255,0.04631828978622328,0.13899920571882446,0.10555050045495905,0.04519368723098996,0.14391447368421054,0.06905158069883527,0.10919540229885058,0.1170940170940171,0.14996544574982723,0.026743075453677174,0.11092851273623665,0.021414665801427646
B7,0.0594059405940594,0.03779289493575208,0.034454470877768664,0.02418682235195997,0.020177562550443905,0.0244926522043387,0.006091370558375634,0.022962962962962963,0.0036663611365719525,0.024308466051969825,0.023665382498624106,0.01250868658790827,0.032232070910556,0.03993055555555555,0.02288135593220339,0.0379746835443038,0.07385998715478484,0.013140604467805518,0.047547169811320754,0.05396402398401066,0.01749049429657795,0.056625802685347344,0.027906976744186046,0.054813773717498245,0.010183299389002037,0.051595383570943655,0.009038619556285949,0.04657179818887452,0.05139372822299652,0.002617801047120419,0.0552689756816507,0.011750881316098707,0.05545774647887324,0.041604754829123326,0.012745098039215686,0.061596480201131364,0.04798172124904798,0.03319838056680162,0.06533700137551582,0.02426837972876517,0.060759493670886074,0.06955871353777113,0.07887161773172136,0.01760268231349539,0.051883439943141436,0.010279840091376356
C7,0.06588579795021962,0.04340567612687813,0.06841611996251172,0.0400390625,0.03374233128834356,0.04205607476635514,0.015217391304347827,0.03285593934288121,0.007246376811594203,0.03906976744186046,0.04892966360856269,0.014925373134328358,0.06086956521739131,0.058885383806519455,0.026794258373205742,0.054380664652567974,0.09038737446197992,0.0069821567106283944,0.04920767306088407,0.08738601823708207,0.02707275803722504,0.10529634300126103,0.03848797250859107,0.08857615894039735,0.014184397163120567,0.09202453987730061,0.029911075181891674,0.07814661134163209,0.05794556628621598,0.003695491500369549,0.06554621848739496,0.02516175413371675,0.07421875,0.07448630136986302,0.03644158628081458,0.10445468509984639,0.08032490974729242,0.03835360149672591,0.12273800157356413,0.03993344425956739,0.0735009671179884,0.0875,0.10855949895615867,0.023952095808383235,0.06398274622573688,0.0214190093708166
D7,0.13883299798792756,0.0781733746130031,0.07698961937716263,0.06963562753036437,0.06359832635983263,0.05730659025787966,0.013725490196078431,0.04874446085672083,0.015549076773566569,0.06175771971496437,0.07037643207855974,0.015574302401038288,0.10733590733590734,0.08287795992714025,0.0665044606650446,0.09189925119128659,0.11124922311995028,0.009536784741144414,0.09438377535101404,0.1544980443285528,0.07084019769357495,0.16716064018968582,0.06568047337278106,0.16724982505248426,0.023060796645702306,0.097911227154047,0.02106969205834684,0.05624227441285538,0.08830364058869093,0.0051813471502590676,0.11317704122877931,0.031660692951015534,0.12769784172661872,0.13601823708206687,0.042008196721311473,0.13389391979301424,0.12093726379440665,0.052715654952076675,0.17422748191978962,0.06881405563689605,0.10526315789473684,0.14329738058551617,0.16656534954407295,0.02920353982300885,0.11903064861012116,0.02753303964757709
E7,0.0834355828220859,0.04804270462633452,0.04440497335701599,0.029411764705882353,0.01890359168241966,0.04704097116843703,0.002070393374741201,0.020338983050847456,0.010968921389396709,0.020569620253164556,0.02441860465116279,0.0013986013986013986,0.06430868167202572,0.021653543307086614,0.02809917355371901,0.029931972789115645,0.037760416666666664,0.001379310344827586,0.05128205128205128,0.1610978520286396,0.1118421052631579,0.1751054852320675,0.02631578947368421,0.07099697885196375,0.0020876826722338203,0.006858710562414266,0.0018115942028985507,0.012515644555694618,0.009025270758122744,0.0029069767441860465,0.05687203791469194,0.015366430260047281,0.044036697247706424,0.06539074960127592,0.011928429423459244,0.14614343707713126,0.05763239875389408,0.016845329249617153,0.19533527696793002,0.02282453637660485,0.0990990990990991,0.10635155096011817,0.1406060606060606,0.00684931506849315,0.07750759878419453,0.003500583430571762
F7,0.0821529745042493,0.03560528992878942,0.061027837259100645,0.04560622914349277,0.02631578947368421,0.05307855626326964,0.006570302233902759,0.032460732984293195,0.014354066985645933,0.04288939051918736,0.02927927927927928,0.0032520325203252032,0.07237512742099898,0.0392156862745098,0.04529616724738676,0.0379746835443038,0.056768558951965066,0.0027447392497712718,0.06673842841765339,0.1500465983224604,0.0832420591456736,0.16736053288925895,0.03466872110939907,0.11591355599214145,0.00697350069735007,0.03388357949609035,0.0021482277121374865,0.016129032258064516,0.02973568281938326,0.0029182879377431907,0.07583965330444203,0.030943396226415093,0.08632286995515695,0.11739130434782609,0.020151133501259445,0.10331534309946029,0.0823045267489712,0.04184549356223176,0.14779270633397312,0.048180924287118974,0.1166077738515901,0.11042311661506708,0.14351851851851852,0.015170670037926675,0.07867298578199051,0.004464285714285714
G7,0.13715953307392997,0.09812568908489526,0.08946772366930918,0.06831566548881036,0.06327683615819209,0.07838983050847458,0.02710413694721826,0.054838709677419356,0.021037868162692847,0.08844339622641509,0.0906958561376075,0.02077687443541102,0.12570145903479238,0.10553410553410554,0.05867665418227216,0.10162991371045062,0.14548802946593,0.005813953488372093,0.12237762237762238,0.16116870876531575,0.05787037037037037,0.14482758620689656,0.06420404573438875,0.18721973094170405,0.036036036036036036,0.12626728110599078,0.07930607187112763,0.11672794117647059,0.1386946386946387,0.015355086372360844,0.132013201320132,0.032461677186654644,0.1329987452948557,0.13681868743047831,0.05976095617529881,0.15734597156398103,0.1517467248908297,0.08604651162790698,0.21469465648854963,0.08399209486166008,0.17509247842170161,0.18242491657397109,0.19148936170212766,0.046875,0.1488673139158576,0.037333333333333336
H7,0.116991643454039,0.10517090271691498,0.11100746268656717,0.07458563535911603,0.08088235294117647,0.09067131647776809,0.03943044906900329,0.05699916177703269,0.026615969581749048,0.0913081650570676,0.09225310467179183,0.03147077713551702,0.12935323383084577,0.119140625,0.07337723424270931,0.10646387832699619,0.12751677852348994,0.032188841201716736,0.10658578856152513,0.1526479750778816,0.09116279069767441,0.1610337972166998,0.06896551724137931,0.21619365609348914,0.025871766029246346,0.1381531853972799,0.08654750705550329,0.13352476669059585,0.11228406909788867,0.027365129007036748,0.0992430613961312,0.04865220249835635,0.12067156348373557,0.1540447504302926,0.048370136698212406,0.14245014245014245,0.11637931034482758,0.0765993265993266,0.2036905606813343,0.08245877061469266,0.15355086372360843,0.15600624024961,0.1735483870967742,0.02649656526005888,0.11347517730496454,0.04484304932735426
A8,0.11419632381697302,0.07506824385805277,0.08753907994640464,0.06030150753768844,0.05550239234449761,0.07126330402591392,0.02836074872376631,0.048504079782411606,0.01338766006984866,0.07062834875791525,0.07645671943415291,0.02513847464848743,0.10134797803295058,0.09660724554341575,0.059353471118177,0.09013398294762484,0.12342038753159225,0.013710368466152529,0.10019940179461616,0.14378818737270876,0.048011639185257034,0.1365554276946682,0.06514538093485461,0.1844484629294756,0.03428201811125485,0.12363067292644757,0.05537150970184572,0.119821283509342,0.09770992366412214,0.012111425111021397,0.12095238095238095,0.0310272536687631,0.12316384180790961,0.14174048983845752,0.0354306658521686,0.15160349854227406,0.10953729933899906,0.05182072829131653,0.17491007194244604,0.06795224977043159,0.1356684755796744,0.15948670944087992,0.17270710059171598,0.03195390256678889,0.1203585147247119,0.01702127659574468
B8,0.12344886606760805,0.09203227433182047,0.09944163786227067,0.06820027063599458,0.06841964046149718,0.07917466410748561,0.02799138726545678,0.062187812187812185,0.022510822510822513,0.08764406325381935,0.0852157943067034,0.016097875080489377,0.12299741602067184,0.09426479560707748,0.05600445806631374,0.09530483531885074,0.13235916984328674,0.013374944271065538,0.10963631537032122,0.15,0.049832171443325586,0.13149284253578733,0.0860939907550077,0.18965118965118966,0.030795262267343484,0.15765272607838843,0.10480472042708626,0.14003673094582186,0.07933081489476525,0.007120605251446373,0.12264376043903603,0.03297161936560935,0.1382416899658279,0.1295923502767992,0.04146999325691166,0.1384263114071607,0.12783720323506392,0.08184006418828564,0.1785243741765481,0.07778317938745746,0.16279697624190065,0.16368834882058614,0.1988172920065253,0.04004576659038902,0.1352796969021618,0.030969397104636247
C8,0.09196428571428572,0.06912681912681913,0.06438026474127558,0.04189944134078212,0.03577512776831346,0.05672609400324149,0.008316008316008316,0.035852178709321565,0.005821474773609315,0.055588762701733414,0.05785123966942149,0.015604681404421327,0.07586933614330875,0.07770961145194274,0.040145985401459854,0.06981317600786627,0.10744147157190635,0.006829268292682927,0.0861974904528096,0.11769686706181202,0.03777777777777778,0.09820031298904539,0.051610239471511145,0.09830159547092125,0.014763014763014764,0.07952204367531933,0.03327965646806227,0.0734094616639478,0.10685805422647528,0.041401273885350316,0.0907258064516129,0.025665399239543727,0.08468002585649645,0.10174102285092491,0.018646408839779006,0.09933774834437085,0.08256382400869093,0.043936731107205626,0.12835349815886377,0.053830227743271224,0.09797101449275362,0.10891647855530474,0.13769655758606034,0.02603550295857988,0.09004092769440655,0.01211867948182198
D8,0.0728643216080402,0.04616503089785533,0.050094876660341556,0.02174788562223117,0.019417475728155338,0.03464285714285714,0.008184882041405874,0.019884309472161965,0.007723761926397092,0.02148826104257859,0.014976353126642144,0.0035506778566817302,0.059854014598540145,0.02616147947677041,0.02939975500204165,0.027281913102054564,0.02154509079716836,0.0023841961852861036,0.05486862442040186,0.01513747296879827,0.0016240357287860333,0.01513140430050438,0.016280353200883002,0.07681708577333793,0.006522829904666332,0.09737484737484738,0.08904109589041095,0.11031390134529148,0.007561436672967864,0.0006589785831960461,0.041852487135506,0.01976410583359898,0.045230631437527986,0.0665163472378805,0.0032679738562091504,0.08333333333333333,0.05415162454873646,0.026242544731610338,0.11676753292986829,0.031127012522361358,0.10028653295128939,0.09297374024130589,0.1290137614678899,0.010965837199493884,0.08045977011494253,0.002672367717797969
E8,0.04256908140403286,0.015371477369769428,0.03806870937790158,0.013257575757575758,0.011494252873563218,0.019230769230769232,0.0023121387283236996,0.00919963201471941,0.004282655246252677,0.012466607301869992,0.0036319612590799033,0.0023023791250959325,0.026688907422852376,0.0077777777777777776,0.021021021021021023,0.0213903743315508,0.00944767441860465,0.0017683465959328027,0.03356282271944923,0.005747126436781609,0.003552397868561279,0.0074211502782931356,0.010810810810810811,0.034970857618651124,0.0011976047904191617,0.13998613998613998,0.09288537549407115,0.11802853437094682,0.0070052539404553416,0.0032733224222585926,0.019417475728155338,0.012417218543046357,0.01520086862106406,0.046948356807511735,0.0022727272727272726,0.09546165884194054,0.02347024308466052,0.012487992315081652,0.09785407725321889,0.015202702702702704,0.06448508180943215,0.05596330275229358,0.10639777468706536,0.004901960784313725,0.05,0.0013633265167007499
F8,0.0670081092616304,0.038232373386295926,0.048,0.030761209593326382,0.022835900159320233,0.03188405797101449,0.015432098765432098,0.030680728667305847,0.006666666666666667,0.027876330461226558,0.034646739130434784,0.0056942619360490585,0.057460164171897636,0.044050343249427915,0.021482277121374866,0.04698295716259788,0.06496062992125984,0.00505514705882353,0.05756823821339951,0.055152979066022546,0.012664640324214792,0.04043987229514012,0.03289949385394071,0.09965466206216082,0.007708479327259986,0.03589543503706594,0.0157600406710727,0.028592647604901596,0.08154730789336122,0.05730533683289589,0.07950780880265026,0.015531660692951015,0.05970149253731343,0.1032192130812468,0.009621552277100705,0.08241534067727459,0.048525214081826834,0.030042918454935622,0.11094377510040161,0.04085422469823584,0.08732394366197183,0.09788092835519677,0.11801242236024845,0.010520487264673311,0.06007226738934056,0.00757002271006813
G8,0.10443995963673057,0.07201889020070838,0.06338028169014084,0.056921086675291076,0.045954692556634306,0.06153846153846154,0.039504260263361735,0.04434447300771208,0.01348314606741573,0.06887052341597796,0.06858316221765914,0.02164730728616684,0.09375,0.09771986970684039,0.051824817518248176,0.07084785133565621,0.11904761904761904,0.01725097384529772,0.09634760705289673,0.14674735249621784,0.05416666666666667,0.1423963133640553,0.07768361581920905,0.1525633106856084,0.028284671532846715,0.1381161542215715,0.04850498338870432,0.1131369798971482,0.13908118313404658,0.03796761585706309,0.1190744920993228,0.03237410071942446,0.1292834890965732,0.10952970297029703,0.041530944625407164,0.123094958968347,0.10851202079272254,0.05905511811023622,0.1705150976909414,0.07163000564015792,0.13620807665982204,0.1514342895263509,0.1763869132290185,0.023653088042049936,0.12009106431417188,0.01878612716763006
H8,0.132890365448505,0.07859922178988327,0.08620689655172414,0.06650641025641026,0.058159722222222224,0.07220496894409938,0.024514811031664963,0.05389221556886228,0.01599247412982126,0.09367493995196156,0.08924843423799582,0.030553787396562698,0.10670511896178803,0.12755102040816327,0.07071547420965059,0.10396039603960396,0.13203214695752008,0.03194444444444444,0.11424100156494522,0.15838509316770186,0.06666666666666667,0.19176470588235295,0.07676455435342606,0.17816527672479152,0.03909465020576132,0.13598209289311697,0.06255283178360102,0.13995215311004786,0.12448812448812449,0.018633540372670808,0.11835577604535791,0.04533152909336942,0.1292929292929293,0.13274336283185842,0.046812749003984064,0.13451086956521738,0.12053571428571429,0.06578947368421052,0.17755775577557756,0.07167955024595925,0.1443850267379679,0.14591009579955785,0.17412333736396615,0.025328330206378986,0.12560054907343857,0.020361990950226245
A5,0.10668207202002696,0.07655729909652877,0.08317978415372466,0.05005382131324004,0.058681672025723476,0.0602688919796013,0.026619343389529725,0.05723336853220697,0.012156448202959831,0.0626965820926819,0.06592103033384172,0.023943661971830985,0.09659090909090909,0.09754224270353302,0.04622927854307728,0.0878169449598021,0.11086870289567632,0.01557377049180328,0.08375751966682092,0.1417260490894695,0.06144526179143228,0.12990330231709543,0.061756876663708965,0.14592533119229226,0.02564102564102564,0.11654787131573878,0.07425626610447411,0.1109846328969835,0.09943502824858758,0.01861971260878365,0.10127446517979062,0.03400035417035594,0.1254831229064674,0.12238805970149254,0.05423406279733587,0.1239850779021286,0.10999484801648635,0.06625766871165645,0.1598479767493852,0.06485114239556888,0.1262572789835892,0.14754098360655737,0.14914202263599854,0.03156190990018883,0.09829991281604185,0.031512605042016806
B5,0.11875786823331934,0.18081180811808117,0.11642743221690591,0.09278350515463918,0.0692588092345079,0.07962823411203215,0.03244206773618538,0.05163758068371982,0.012124886329190664,0.05384990253411306,0.048071442143264295,0.01983852364475202,0.08604887983706722,0.09256004686584651,0.04201680672268908,0.07303628847037207,0.12068591274148036,0.016977128035840602,0.09416149068322982,0.14616216216216216,0.07063676205207528,0.14527363184079603,0.05801621958827199,0.09667405764966741,0.022150768131475526,0.13291549600172897,0.05819209039548023,0.11693464188765922,0.10420997920997921,0.016697588126159554,0.13746145940390544,0.03120509135701088,0.11777501553760099,0.1245618765165813,0.0680073126142596,0.12065392585770204,0.119906868451688,0.0808844922897876,0.13516927741283477,0.08163797600417319,0.15267680105750164,0.11177474402730375,0.17503085150143974,0.03906723198061781,0.09415938864628821,0.02750322303394929
C5,0.1574114560559685,0.14187893727745823,0.1881918819188192,0.10908035973310125,0.07865853658536585,0.10414364640883977,0.02756892230576441,0.06736035049288061,0.022845575477154424,0.0924223602484472,0.08261428309161006,0.023246411966848596,0.13621834275879027,0.13907902924704418,0.06748641692879612,0.11268587360594795,0.17644502390265102,0.024206815511163337,0.13588606117207566,0.20884077582318447,0.10414052697616061,0.19821393904096293,0.08791642026414351,0.16701268742791234,0.03681214421252372,0.17562568008705115,0.09284979423868313,0.1689997971190911,0.14920159680638723,0.028107861060329066,0.15890142226581658,0.05106100795755968,0.15354449472096532,0.17101024890190336,0.07778220981252493,0.17345399698340874,0.1709753231492362,0.09927284223838129,0.20136986301369864,0.11050516647531573,0.18741542625169147,0.172746457642448,0.21674662014827736,0.05399431638774866,0.13144963144963145,0.04093945270415859
D5,0.06340859882462109,0.06322529011604641,0.0481599273057701,0.07647584973166369,0.02827316224445411,0.028423772609819122,0.01876172607879925,0.02533728200065811,0.006397441023590564,0.023958333333333335,0.01981439678956609,0.011462119094213028,0.04297580353918382,0.04311377245508982,0.02271788517141677,0.03279279279279279,0.05277864017385905,0.008264462809917356,0.04338394793926247,0.08186195826645265,0.03022289384208538,0.07983563252127972,0.02838283828382838,0.05040823571175009,0.015376984126984126,0.06993222427603205,0.0239105283455457,0.05339805825242718,0.047335203366058905,0.0042643923240938165,0.06481481481481481,0.010911650827173531,0.04806465333900468,0.06280587275693311,0.024062674874090653,0.0653572637995259,0.05518394648829431,0.03238341968911917,0.08017741385192767,0.030726256983240222,0.07525453740593183,0.053843152555598905,0.09353421217827998,0.022727272727272728,0.04125286478227655,0.013430656934306569
E5,0.0718475073313783,0.08498309995171414,0.06510565391205025,0.04265129682997118,0.15990990990990991,0.07439134355275022,0.03052064631956912,0.026418362927674317,0.014690982776089158,0.03756058158319871,0.03552833078101072,0.017076218242399,0.05348934391976599,0.07150153217568948,0.0326549929010885,0.044512663085188024,0.07489740082079344,0.00904799370574351,0.05886879569065025,0.09771754636233952,0.04186046511627907,0.07926829268292683,0.028663561447509853,0.05489614243323442,0.009673518742442563,0.07984246330110992,0.033825631252977606,0.06935483870967742,0.06698756518251103,0.009735202492211837,0.07617260787992496,0.02118491921005386,0.06747843734145104,0.07267441860465117,0.028804007514088917,0.06619104240982956,0.07659167065581618,0.04087048832271762,0.08300738809213386,0.046194456665200175,0.08584422967595225,0.060039370078740155,0.11367492365117068,0.028037383177570093,0.05,0.013659237958303379
F5,0.12315985900891561,0.09162509845103702,0.10430364614465033,0.05260011954572624,0.06060606060606061,0.1574468085106383,0.039378238341968914,0.04601518026565465,0.016908929101156926,0.05491585473870682,0.06238953693884765,0.019591141396933562,0.09541627689429373,0.09608843537414966,0.04573804573804574,0.08867545231181595,0.1463318948607297,0.02194073738973083,0.11143497757847534,0.18421582444131265,0.09237328280435812,0.16881028938906753,0.06065034709535988,0.14226992464032884,0.031961917715062904,0.13130128956623682,0.06473214285714286,0.11979713186428821,0.10926532522227421,0.025565610859728506,0.14282485875706213,0.036083442961849274,0.12251279135872654,0.13558884297520662,0.06278822277403334,0.13032581453634084,0.13266140016344322,0.07610221847795563,0.15780318091451292,0.09195684158901422,0.13986013986013987,0.1484593837535014,0.18135124456736468,0.04887795880725484,0.11049584696702744,0.033471887989499016
G5,0.04770318021201413,0.038390092879256967,0.03872602243937749,0.028424657534246577,0.038338658146964855,0.030253025302530254,0.08349900596421471,0.018654755648975303,0.006745362563237774,0.03469442220443021,0.02388749759198613,0.010238034297414897,0.03478026422216231,0.03796610169491525,0.020987654320987655,0.035592393954168695,0.050246536745714956,0.004132231404958678,0.03493564486472288,0.05964260849385008,0.026633024950939166,0.05012636899747262,0.020053475935828877,0.03261140154344038,0.010579937304075235,0.05615453728661276,0.0215916101172116,0.041487532244196046,0.04433887569279493,0.0035778175313059034,0.052770448548812667,0.010680907877169559,0.035412096521466624,0.04434589800443459,0.013856812933025405,0.04842050750906266,0.046489563567362426,0.022521008403361343,0.06481481481481481,0.024945175438596492,0.050102951269732326,0.043876262626262624,0.07055419541509014,0.012521150592216581,0.03111495246326707,0.007151664611590629
H5,0.06322364411943937,0.037065488765123875,0.047710381203548306,0.025069637883008356,0.026423200859291084,0.05840509172594534,0.015971148892323546,0.10352941176470588,0.006468882444791434,0.10320284697508897,0.02412046908315565,0.015645586297760212,0.04087667420420943,0.048225469728601256,0.02240032881216605,0.03706199460916442,0.0525200544876646,0.007831534980856248,0.04309728183118741,0.07699221090473338,0.036533084808946875,0.06700434153400868,0.032223559299371575,0.05652759084791386,0.010556127703398558,0.07592727272727273,0.02388305538398188,0.06199261992619926,0.051855997015482186,0.006207966890843249,0.05746308486034513,0.01821578701541336,0.05153933865450399,0.05801435406698564,0.023937600860677782,0.05891608391608392,0.053470329209477876,0.03604179995734698,0.07728,0.031106202834529726,0.07119590507212657,0.06074307057204639,0.09063804412641623,0.022310580958692292,0.04747774480712166,0.01133404809312299
A6,0.030558482613277135,0.013003901170351105,0.025437201907790145,0.034934497816593885,0.013761467889908258,0.019583843329253364,0.02086677367576244,0.019296254256526674,0.02005730659025788,0.02619047619047619,0.010256410256410256,0.008743169398907104,0.018922852983988356,0.025367156208277702,0.0163727959697733,0.023952095808383235,0.0267515923566879,0.0069124423963133645,0.01918158567774936,0.03417721518987342,0.019430051813471502,0.04434589800443459,0.022940563086548488,0.032017075773746,0.008319467554076539,0.02902055622732769,0.018867924528301886,0.029612756264236904,0.025675675675675677,0.003205128205128205,0.034482758620689655,0.006903353057199211,0.03351206434316354,0.033921302578018994,0.01730103806228374,0.03867403314917127,0.03443328550932568,0.010625737898465172,0.054857142857142854,0.018641810918774968,0.03458646616541353,0.0448318804483188,0.040526849037487336,0.00967741935483871,0.02261904761904762,0.009823182711198428
B6,0.040880503144654086,0.01524390243902439,0.034782608695652174,0.01837270341207349,0.01345668629100084,0.017142857142857144,0.013307984790874524,0.03779628443305574,0.011764705882352941,0.06438068579426172,0.02308136180034622,0.014202711426726921,0.027580772261623327,0.014178482068390326,0.013808139534883721,0.020969855832241154,0.03173575129533679,0.004498714652956298,0.026717557251908396,0.049366244162775186,0.013422818791946308,0.04840686274509804,0.016724336793540944,0.03220338983050847,0.005249343832020997,0.03551912568306011,0.017027863777089782,0.027522935779816515,0.0412224591329069,0.004461440407903123,0.030346820809248554,0.009387078961899503,0.03399209486166008,0.04121475054229935,0.007827788649706457,0.0356718192627824,0.040098199672667756,0.01155115511551155,0.04322949777495232,0.015815959741193385,0.039126478616924476,0.04285714285714286,0.05317919075144509,0.010195412064570943,0.03109182935647144,0.005485463521667581
C6,0.05636208368915457,0.022966507177033493,0.04976851851851852,0.01131687242798354,0.021377672209026127,0.021602160216021602,0.009489916963226572,0.01891891891891892,0.008522727272727272,0.0249003984063745,0.09718100890207715,0.03579098067287044,0.060206961429915336,0.04276315789473684,0.030476190476190476,0.046046915725456126,0.05460750853242321,0.006294256490952006,0.04192685102586976,0.07092819614711034,0.03424657534246575,0.06337448559670782,0.025018953752843062,0.04323458767013611,0.012755102040816327,0.07465437788018434,0.02495201535508637,0.06413502109704641,0.05066921606118547,0.005016722408026756,0.062111801242236024,0.011636927851047323,0.040737148399612025,0.052795031055900624,0.01358695652173913,0.05223880597014925,0.04875406283856988,0.03651354534746761,0.0748663101604278,0.044238683127572016,0.07523148148148148,0.04679552390640895,0.09793420045906656,0.02132998745294856,0.05378973105134474,0.01148600143575018
D6,0.030355594102341718,0.014412416851441241,0.016209476309226933,0.01325301204819277,0.010362694300518135,0.009892086330935251,0.004987531172069825,0.013876040703052728,0.008492569002123142,0.011375387797311272,0.03320158102766799,0.028921998247151623,0.0340522133938706,0.010845986984815618,0.012770137524557957,0.016423357664233577,0.027204502814258912,0.004897159647404506,0.018789144050104383,0.027450980392156862,0.008733624454148471,0.029783393501805054,0.011933174224343675,0.020525451559934318,0.005148005148005148,0.03498542274052478,0.009910802775024777,0.01899335232668566,0.017653167185877467,0.0017969451931716084,0.028543307086614175,0.004991680532445923,0.012195121951219513,0.020703933747412008,0.005502063273727648,0.02559867877786953,0.016203703703703703,0.009977827050997782,0.033364226135310475,0.01120162932790224,0.037259615384615384,0.02702702702702703,0.04152823920265781,0.005,0.013013013013013013,0.002102312543798178
E6,0.04601769911504425,0.023554603854389723,0.014796547472256474,0.011306532663316583,0.01650943396226415,0.021589793915603533,0.00141643059490085,0.023386342376052385,0.007407407407407408,0.02991026919242273,0.04574132492113565,0.015932521087160263,0.04928806133625411,0.018561484918793503,0.02885682574916759,0.030303030303030304,0.05970149253731343,0.009054325955734407,0.030969030969030968,0.0432780847145488,0.0192102454642476,0.06291390728476821,0.018961253091508656,0.03740648379052369,0.006738544474393531,0.04043126684636118,0.022099447513812154,0.04233700254022015,0.035678889990089196,0.003656307129798903,0.04024767801857585,0.013798701298701298,0.04020100502512563,0.0464326160815402,0.017663043478260868,0.04986400725294651,0.04468599033816425,0.020884520884520884,0.058823529411764705,0.011917659804983749,0.05597964376590331,0.053631284916201116,0.06341463414634146,0.0163727959697733,0.037267080745341616,0.00336417157275021
F6,0.09686411149825784,0.06875,0.06286266924564797,0.04871323529411765,0.04363636363636364,0.061208875286916604,0.014344262295081968,0.046546546546546545,0.017953321364452424,0.04086021505376344,0.04880883207437536,0.012056737588652482,0.07112253641816624,0.10393964794635373,0.05331179321486268,0.11450381679389313,0.11196105702364395,0.011347517730496455,0.07592891760904685,0.13310580204778158,0.04489164086687306,0.10861423220973783,0.04717566728739913,0.1382059800664452,0.01995798319327731,0.0984060984060984,0.038917089678511,0.09245283018867924,0.08148148148148149,0.012720848056537103,0.08643933386201427,0.023024268823895456,0.10139002452984465,0.12133227597145123,0.042689434364994665,0.10131332082551595,0.10753598645215919,0.04522184300341297,0.1398337112622827,0.05250596658711217,0.09792284866468842,0.12308930008045052,0.14638665843113033,0.03414634146341464,0.08755020080321285,0.022006472491909384
G6,0.05128205128205128,0.03279938977879481,0.03902862098872507,0.016379310344827588,0.018485915492957746,0.026714801444043323,0.00499001996007984,0.01675977653631285,0.009860312243221035,0.019189765458422176,0.0333909038572251,0.007931262392597489,0.040154440154440155,0.04081632653061224,0.04669260700389105,0.04422442244224423,0.0699614890885751,0.006198347107438017,0.031088082901554404,0.06790945406125166,0.03681442524417731,0.07609346914319952,0.02544529262086514,0.05319822672577581,0.010923535253227408,0.054304635761589407,0.027983539094650206,0.058307210031347964,0.04747550866616428,0.005598320503848845,0.05821665438467207,0.014527845036319613,0.04020100502512563,0.07275666936135812,0.014300306435137897,0.060304837640821736,0.05485232067510549,0.02707275803722504,0.08507570295602018,0.02795698924731183,0.05935251798561151,0.06153846153846154,0.09209744503862151,0.014299332697807437,0.052105638829407566,0.013287117273252455
H6,0.06844106463878327,0.031164069660861594,0.04183266932270916,0.018867924528301886,0.00949367088607595,0.030473135525260625,0.006756756756756757,0.02421875,0.008434864104967198,0.021897810218978103,0.0304093567251462,0.00727802037845706,0.047540983606557376,0.052054794520547946,0.026845637583892617,0.0437636761487965,0.06488824801730353,0.007513148009015778,0.031007751937984496,0.08406026962727994,0.03547297297297297,0.0748663101604278,0.028412600370599134,0.06375358166189111,0.015317286652078774,0.06072555205047318,0.017406440382941687,0.049891540130151846,0.03111495246326707,0.009111617312072893,0.04785894206549118,0.017844886753603295,0.05503731343283582,0.0705244122965642,0.019672131147540985,0.05803571428571429,0.047573739295908656,0.026743075453677174,0.08806404657933042,0.033003300330033,0.0642570281124498,0.06942003514938488,0.07989347536617843,0.015920398009950248,0.039484978540772535,0.013513513513513514
A7,0.11292775665399239,0.07051909892262488,0.08255451713395638,0.041549691184727684,0.038060479666319084,0.059955257270693514,0.02264600715137068,0.04324097397145256,0.018069179143004648,0.05780590717299578,0.055496641922940966,0.016246953696181964,0.07594316511513964,0.07868525896414343,0.04286387187941592,0.06415257910706545,0.12381345439537764,0.01779064956557716,0.08076923076923077,0.10733526730211355,0.04710144927536232,0.11373475009838646,0.05526036131774708,0.1268882175226586,0.02061248527679623,0.09106310885218127,0.034725480994838104,0.0926517571884984,0.06815084052703317,0.006366892160764027,0.10882765063054647,0.02967877094972067,0.10526315789473684,0.09642301710730948,0.04682686383240912,0.1245360824742268,0.09748743718592964,0.05871725383920506,0.15664765247915752,0.06190691369182106,0.11331592689295039,0.14126582278481012,0.13850616388687453,0.027823240589198037,0.10004426737494466,0.02576370997423629
B7,0.05525179856115108,0.0436241610738255,0.056986070071760236,0.03506650544135429,0.030132583366813983,0.031384615384615386,0.018061674008810574,0.030493555485696322,0.009419152276295133,0.0324967824967825,0.03580901856763926,0.00757336699274219,0.051593323216995446,0.05506607929515418,0.026628283555235697,0.051735015772870666,0.07826352797309691,0.014591741695125737,0.04657039711191336,0.07269279393173199,0.030795262267343484,0.07267950963222417,0.02566225165562914,0.06986415303576379,0.011278195488721804,0.056578947368421055,0.019482952416635443,0.05242718446601942,0.04803178042614662,0.004683109584764283,0.06892697466467958,0.02091152815013405,0.06510015408320494,0.0668859649122807,0.019661636945587563,0.07337461300309597,0.05477245267821184,0.03564584131851284,0.10428244524354364,0.034518113465481885,0.0728643216080402,0.07607090103397342,0.10116943160184934,0.01351922264469793,0.06637613141133088,0.010553337136337706
C7,0.07777777777777778,0.050359712230215826,0.05066921606118547,0.033590558329550615,0.044144144144144144,0.03650220617729643,0.012168141592920354,0.030903328050713153,0.005721830985915493,0.03681214421252372,0.046092796092796096,0.011003236245954692,0.06813627254509018,0.06666666666666667,0.02479692176143651,0.060527292981804676,0.08976660682226212,0.01427079707622694,0.060476004682013265,0.09707351891506068,0.038635429510891904,0.10598462052825142,0.03522867737948084,0.08307480179248534,0.017797552836484983,0.07441348973607038,0.03558129913115432,0.06493506493506493,0.06649053280493175,0.008620689655172414,0.07045260461144322,0.02419882275997384,0.0699074074074074,0.07915789473684211,0.026475455046883617,0.08567262121764492,0.08488063660477453,0.04321277595115078,0.10457774269928966,0.03687196110210697,0.0907715582450832,0.087248322147651,0.10843373493975904,0.019990248659190638,0.06835172659309363,0.015518913676042677
D7,0.10563002680965147,0.07232496697490093,0.07581227436823104,0.053019145802650956,0.05776173285198556,0.06054519368723099,0.01988400994200497,0.03803576497303435,0.011347517730496455,0.05312591722923393,0.058823529411764705,0.010942760942760943,0.08862433862433862,0.07205012182387747,0.0481421647819063,0.0725560786485738,0.10213455822750608,0.007522986904430203,0.08051784022734448,0.1446664790318041,0.07534246575342465,0.15291800049248955,0.05626477541371158,0.14270002749518834,0.023524720893141945,0.08939311098961181,0.017628205128205128,0.06666666666666667,0.0740857503152585,0.005603810591202018,0.11317135549872123,0.028254288597376387,0.11343176089305006,0.1293800539083558,0.0378494623655914,0.1337971635001338,0.11803165863730214,0.057172557172557176,0.176238225463385,0.06056742110296462,0.11554078995939461,0.14910277324632953,0.17004561581348202,0.03640500568828214,0.10280076384468491,0.023826714801444042
E7,0.0783744557329463,0.03210576015108593,0.060133630289532294,0.021229050279329607,0.02553191489361702,0.05294619982920581,0.007326007326007326,0.020185029436501262,0.012396694214876033,0.03357531760435572,0.016891891891891893,0.0008532423208191126,0.04930966469428008,0.015021459227467811,0.02735562310030395,0.019834710743801654,0.030848329048843187,0.004251700680272109,0.05311355311355311,0.14461538461538462,0.07632933104631218,0.15762463343108504,0.025071633237822348,0.07171000788022065,0.003694581280788177,0.011945392491467578,0.00390625,0.013782542113323124,0.0136986301369863,0.0035211267605633804,0.05798479087452472,0.0118137595552467,0.051759834368530024,0.07798617966436328,0.00821917808219178,0.14285714285714285,0.05928085519922255,0.020833333333333332,0.15092674315975288,0.03463992707383774,0.0945945945945946,0.09822361546499478,0.125,0.013761467889908258,0.08766859344894026,0.0007541478129713424
F7,0.08740359897172237,0.0422976501305483,0.04159343878148799,0.03234802007808143,0.02902675014228799,0.04630495790458372,0.007119741100323625,0.030009233610341645,0.009698275862068966,0.04911955514365153,0.02799712849964106,0.005249343832020997,0.06905116741182316,0.03015873015873016,0.03673047077082255,0.038356164383561646,0.05024027959807777,0.0040286481647269475,0.06281407035175879,0.12924865831842575,0.06616915422885572,0.14723438121766813,0.02418154761904762,0.09553349875930521,0.005418422636965683,0.028695652173913042,0.005832449628844115,0.020910209102091022,0.025163563160543533,0.004440497335701598,0.07186858316221766,0.02309384164222874,0.07113821138211382,0.10158121705797796,0.01593625498007968,0.1027900146842878,0.08512990602542841,0.03541781959048146,0.15672676837725383,0.041604754829123326,0.10317002881844381,0.10782789009849664,0.1481629392971246,0.01829988193624557,0.07532347504621072,0.005386687187379761
G7,0.11662198391420911,0.0684811237928007,0.0890557939914163,0.049019607843137254,0.045142296368989206,0.06780923994038748,0.0192090395480226,0.05104408352668213,0.009737098344693282,0.06150159744408946,0.060874704491725766,0.022288261515601784,0.09626556016597511,0.09194312796208531,0.052226027397260275,0.08384146341463415,0.09728506787330317,0.009420289855072464,0.07242990654205607,0.144793152639087,0.04991680532445923,0.11538461538461539,0.06408706166868199,0.12761506276150628,0.029880478087649404,0.09644670050761421,0.04653371320037987,0.09932885906040269,0.11348122866894197,0.010309278350515464,0.1064891846921797,0.03647214854111406,0.12667946257197696,0.12061939690301549,0.044543429844097995,0.12755461592670894,0.11349419124218052,0.06548672566371681,0.1491628614916286,0.08023159636062861,0.1472569778633301,0.14260407440212577,0.14246762099522836,0.03956478733926805,0.08475894245723173,0.029881862404447533
H7,0.14257474672596984,0.12218649517684887,0.13913690476190477,0.11582213029989659,0.10467980295566502,0.12253829321663019,0.055991440798858774,0.0909873708381171,0.036264112213479305,0.10250451846114124,0.10089781958101753,0.0487578360807987,0.12991765782250686,0.13892757660167132,0.08278344331133773,0.10865087538619979,0.13493574488338886,0.030619865571321882,0.10629453681710213,0.16311674305742788,0.10012399256044638,0.15815485996705106,0.08528198074277854,0.19475747182753553,0.05635491606714628,0.13121476166068682,0.08725945587259455,0.11784107946026987,0.12103112228858849,0.03048180924287119,0.14010624169986718,0.054155874735107135,0.17592592592592593,0.1561720698254364,0.07435508345978756,0.19541375872382852,0.13884785819793205,0.10317720275139207,0.26981951108064883,0.08484684196259148,0.194141689373297,0.23296962547920969,0.1891156462585034,0.039961327747341284,0.157514450867052,0.04571308194649252
A8,0.164604125083167,0.13497363796133569,0.12682602921646746,0.1151252408477842,0.10577991848832902,0.10785503728108202,0.05844477464091134,0.08153191489361702,0.05523893029373082,0.1016450448040658,0.09871465295629821,0.05674978503869303,0.12477691850089233,0.1692581075077743,0.114021268215833,0.14386104481569875,0.1462144155057541,0.0315287603814211,0.11338398597311514,0.16514986045382843,0.09624108878807518,0.15224751897256275,0.10017207472959685,0.24434911730737502,0.06682577565632458,0.1449468085106383,0.1106762680025047,0.12966274910577413,0.13598200899550225,0.02694971394158386,0.14914751667902149,0.06126616746085772,0.19258536585365854,0.17786187322611163,0.056643356643356645,0.22352120048857094,0.15731070496083552,0.1053030303030303,0.30028141036252276,0.09760425909494233,0.22609717868338558,0.2596854622171078,0.22428078250863062,0.035338495135993644,0.18354203935599284,0.028120606155288237
B8,0.09993906154783669,0.07791714177118966,0.09146608315098469,0.06399317406143344,0.06190476190476191,0.07047824523552679,0.01782985226693836,0.05639760310186817,0.02164862614487927,0.06856309263311451,0.06778661951075744,0.017194875252865813,0.1015625,0.0957886044591247,0.04707278481012658,0.08711738984191053,0.1060200668896321,0.011444921316165951,0.0850546780072904,0.11870623541180393,0.043225572103160186,0.12918184829413712,0.06503597122302159,0.15396775213404995,0.021421616358325218,0.1378463696948439,0.08592471358428805,0.11222722549359196,0.0717610550814585,0.0070969922271037515,0.10170195101701951,0.028056704075605433,0.1020140105078809,0.108984375,0.046430354468297554,0.14281139929554915,0.11352459016393443,0.055389859394972304,0.17471872931833224,0.06789413118527042,0.12802148612354522,0.15748031496062992,0.15800865800865802,0.045021645021645025,0.10571216617210683,0.028562653562653563
C8,0.07938820101966497,0.051842598376014994,0.06748238783833889,0.03801076971808679,0.037298387096774195,0.05688622754491018,0.022026431718061675,0.04519932622122403,0.009636307118433322,0.05097365406643757,0.04943291247592553,0.012135922330097087,0.06693276020878108,0.06809338521400778,0.0352755905511811,0.06914614981665794,0.07694254619083776,0.008813900780659783,0.06857142857142857,0.09753539590980598,0.04079254079254079,0.08552317247969422,0.03694636100600935,0.0901950848745883,0.01879248300679728,0.07325912503235828,0.027231892195395846,0.06815816857440167,0.09892541087231353,0.040506958250497015,0.08031774051191527,0.02337228714524207,0.08663682864450128,0.10085092971950835,0.02802303262955854,0.11975407645014702,0.07523716061498201,0.0410958904109589,0.13766305856230918,0.04773341338937256,0.10418866596268919,0.11252446183953033,0.1164745437079731,0.01848622253226369,0.06789667896678966,0.017679825623637686
D8,0.06169965075669383,0.03001765744555621,0.04111498257839721,0.024445893089960886,0.017297650130548303,0.03708472830285862,0.0036403349108117948,0.021354166666666667,0.00852359208523592,0.022129653736006248,0.01940359477124183,0.003653190452995616,0.051230681167716084,0.02545568824638592,0.024140869071286566,0.02636968766001024,0.025463535228677378,0.0019646365422396855,0.04319906596614127,0.015501968503937008,0.00582039911308204,0.014376620315814282,0.01885593220338983,0.06477541371158392,0.0024708789269325803,0.07972724888539208,0.07142857142857142,0.10368550368550368,0.007758620689655172,0.000974184120798831,0.03762029746281715,0.01645734084019056,0.03565891472868217,0.054245283018867926,0.0068592057761732855,0.09127644402186831,0.04932735426008968,0.020369790034471952,0.10940257121250314,0.026138507140932365,0.08425145819831498,0.0707323865218602,0.12038703870387038,0.007548408270429931,0.05984970477724101,0.00436046511627907
E8,0.045155221072436504,0.016577060931899642,0.03869346733668342,0.00918762088974855,0.010268948655256724,0.02294958615500376,0.004464285714285714,0.008888888888888889,0.004113345521023766,0.00864336715520481,0.006604623236265386,0.004403669724770643,0.035211267605633804,0.011826544021024968,0.010817827780181739,0.008833271991166729,0.010869565217391304,0.0011542901115813775,0.030048076923076924,0.008710801393728223,0.004595940252776714,0.007301587301587302,0.008234217749313814,0.03693843594009984,0.0010610079575596816,0.10598111227701994,0.08003369839932603,0.11125611745513866,0.0061074918566775245,0.0018181818181818182,0.01653575857792476,0.00849443468072642,0.013711151736745886,0.038395168248490076,0.002736726874657909,0.0763963963963964,0.03495311167945439,0.00824295010845987,0.11361981063364894,0.014670896114195083,0.05308056872037915,0.04398340248962656,0.09874959923052261,0.004768717215069146,0.042527821939586645,0.002221516978736909
F8,0.06262425447316103,0.033075734157650694,0.045644599303135885,0.027138440398488492,0.02113876576883737,0.031647358010737495,0.01195219123505976,0.024141942990110528,0.006312292358803987,0.030005770340450086,0.02970516515185103,0.007199794291591669,0.06407995296884186,0.041857423152387184,0.028615384615384615,0.040390349688262404,0.06235565819861432,0.004824443848834093,0.054814814814814816,0.05502271580010096,0.01076487252124646,0.04713064713064713,0.02669902912621359,0.07771609833465504,0.008293838862559242,0.04324734446130501,0.009450171821305841,0.025584795321637425,0.08758451137062077,0.04653650708745654,0.07610931531002058,0.020399305555555556,0.053926525109538256,0.08380072583305839,0.012195121951219513,0.08380994280686317,0.06352390504847877,0.04027281584930172,0.11194236630645608,0.034911242603550295,0.06985956067698956,0.07855559075071271,0.09683882457702582,0.014041095890410958,0.05303244005641749,0.007478890229191798
G8,0.09699869508481948,0.06448934403542762,0.09081902245706737,0.05297600498597694,0.04783530124129579,0.058168942842690946,0.019755747126436782,0.0452186805040771,0.015639374425023,0.049297641134375826,0.05742013748483623,0.016294227188081937,0.07864260705628871,0.08486017357762778,0.05452971725331795,0.06548060291574005,0.1026512576478586,0.00945179584120983,0.07142857142857142,0.1103515625,0.04855371900826446,0.1123725671918443,0.047128129602356406,0.13160355306217858,0.025758645024700072,0.08859520313264807,0.037917544387601566,0.08392772230147408,0.1115949918345128,0.03288384196829903,0.09132290184921764,0.03912175648702595,0.109499852027227,0.10972497873546924,0.0480395619922289,0.12961656080922135,0.09456740442655935,0.05838546321120048,0.16794441782462866,0.05970548862115127,0.12608,0.13583733408641627,0.1416472580986661,0.03001936733376372,0.08994297563504407,0.022707034728406055
H8,,,,,,,,,,,,,,,,,,,,,,,,,,,,,,,,,,,,,,,,,,,,,,
