construct,parts
rpoA_pPR0_1,pAGM9121,pPR-1_1A_5N_AGGT,pPR-1_B_LD5N,pPR-1_C_LD5T,pPR-1_D_LN5N,pPR-1_1E_LN5T
rpoA_pPR0_2,pAGM9121,pPR-1_2A_LN5N,pPR-1_B_LN5T,pPR-1_C_LD5N,pPR-1_D_LD5T,pPR-1_2E_LD
nad4_pPR0_1,pAGM9121,pPR-1_1A_5N_AGGT,pPR-1_B_LD5T,pPR-1_C_LN5T,pPR-1_D_LD5T,pPR-1_1E_LN5N
nad4_pPR0_2,pAGM9121,pPR-1_2A_LN5T,pPR-1_B_LD5T,pPR-1_C_LD5N,pPR-1_D_LD5T,pPR-1_2E_LN
cox1_pPR0_1,pAGM9121,pPR-1_1A_5N_AGGT,pPR-1_B_LD5N,pPR-1_C_LN5N,pPR-1_D_LD5T,pPR-1_1E_LN5N
cox1_pPR0_2,pAGM9121,pPR-1_2A_LD5T,pPR-1_B_LN5N,pPR-1_C_LD5N,pPR-1_D_LD5N,pPR-1_2E_LN
ccmFC_pPR0_1,pAGM9121,pPR-1_1A_5T_AGGT,pPR-1_B_LD5N,pPR-1_C_LD5T,pPR-1_D_LN5T,pPR-1_1E_LN5T
ccmFC_pPR0_2,pAGM9121,pPR-1_2A_LD5N,pPR-1_B_LD5T,pPR-1_C_LN5T,pPR-1_D_LD5T,pPR-1_2E_LN