assembly_name,construct_id,assembly_level,construct_size,number_of_parts,depends_on,enzymes,used_in,parts
rpoA_pPR0_1,rpoA_pPR0_1,1,2564,6,,BbsI,rpoA_pPR1,pAGM9121 & pPR-1_1A_5N_AGGT & pPR-1_B_LD5N & pPR-1_C_LD5T & pPR-1_D_LN5N & pPR-1_1E_LN5T
rpoA_pPR0_2,rpoA_pPR0_2,1,2471,6,,BbsI,rpoA_pPR1,pAGM9121 & pPR-1_2A_LN5N & pPR-1_B_LN5T & pPR-1_C_LD5N & pPR-1_D_LD5T & pPR-1_2E_LD
nad4_pPR0_1,nad4_pPR0_1,1,2564,6,,BbsI,nad4_pPR1,pAGM9121 & pPR-1_1A_5N_AGGT & pPR-1_B_LD5T & pPR-1_C_LN5T & pPR-1_D_LD5T & pPR-1_1E_LN5N
nad4_pPR0_2,nad4_pPR0_2,1,2471,6,,BbsI,nad4_pPR1,pAGM9121 & pPR-1_2A_LN5T & pPR-1_B_LD5T & pPR-1_C_LD5N & pPR-1_D_LD5T & pPR-1_2E_LN
cox1_pPR0_1,cox1_pPR0_1,1,2564,6,,BbsI,cox1_pPR1,pAGM9121 & pPR-1_1A_5N_AGGT & pPR-1_B_LD5N & pPR-1_C_LN5N & pPR-1_D_LD5T & pPR-1_1E_LN5N
cox1_pPR0_2,cox1_pPR0_2,1,2471,6,,BbsI,cox1_pPR1,pAGM9121 & pPR-1_2A_LD5T & pPR-1_B_LN5N & pPR-1_C_LD5N & pPR-1_D_LD5N & pPR-1_2E_LN
ccmFC_pPR0_1,ccmFC_pPR0_1,1,2564,6,,BbsI,ccmFC_pPR1,pAGM9121 & pPR-1_1A_5T_AGGT & pPR-1_B_LD5N & pPR-1_C_LD5T & pPR-1_D_LN5T & pPR-1_1E_LN5T
ccmFC_pPR0_2,ccmFC_pPR0_2,1,2471,6,,BbsI,ccmFC_pPR1,pAGM9121 & pPR-1_2A_LD5N & pPR-1_B_LD5T & pPR-1_C_LN5T & pPR-1_D_LD5T & pPR-1_2E_LN
rpoA_pPR1,rpoA_pPR1,2,6588,7,rpoA_pPR0_1 & rpoA_pPR0_2,BsaI,,modified_1-1R_pICH47802_lc_p15A_ori_ & pAGM9121 - T7promTrxA & rpoA_pPR0_1 & rpoA_pPR0_2 & pAGM9121 - P2(C)L2S2#12(N) & E1E2DYW_sub_5 & pAGM9121 - Term_noTarget
nad4_pPR1,nad4_pPR1,2,6588,7,nad4_pPR0_1 & nad4_pPR0_2,BsaI,,modified_1-1R_pICH47802_lc_p15A_ori_ & pAGM9121 - T7promTrxA & nad4_pPR0_1 & nad4_pPR0_2 & pAGM9121 - P2(U)L2S2#12(N) & E1E2DYW_sub_5 & pAGM9121 - Term_noTarget
cox1_pPR1,cox1_pPR1,2,6588,7,cox1_pPR0_1 & cox1_pPR0_2,BsaI,,modified_1-1R_pICH47802_lc_p15A_ori_ & pAGM9121 - T7promTrxA & cox1_pPR0_1 & cox1_pPR0_2 & pAGM9121 - P2(U)L2S2#12(N) & E1E2DYW_sub_5 & pAGM9121 - Term_noTarget
ccmFC_pPR1,ccmFC_pPR1,2,6588,7,ccmFC_pPR0_1 & ccmFC_pPR0_2,BsaI,,modified_1-1R_pICH47802_lc_p15A_ori_ & pAGM9121 - T7promTrxA & ccmFC_pPR0_1 & ccmFC_pPR0_2 & pAGM9121 - P2(G)L2S2#12(N) & E1E2DYW_sub_5 & pAGM9121 - Term_noTarget
